{
    "FollowCamera": {
        "forcusPoint": [
            0.0,
            0.0,
            49.0
        ],
        "offset": [
            0.0,
            6.300000190734863,
            -72.19999694824219
        ],
        "shakeForce": 0.0
    }
}
