{
    "PlayerModel": {
        "antena": [
            0.0,
            2.5,
            -2.799999952316284
        ],
        "back": [
            0.0,
            0.0,
            -2.0999999046325684
        ],
        "body": [
            0.0,
            2.0999999046325684,
            0.0
        ],
        "code": [
            0.0,
            0.0,
            0.0
        ],
        "head": [
            0.0,
            3.4000000953674316,
            0.0
        ],
        "left": [
            -1.0,
            -0.699999988079071,
            0.0
        ],
        "right": [
            1.0,
            -0.699999988079071,
            0.0
        ]
    }
}
