{
    "Player": {
        "Test": 90.0,
        "Translation": [
            2.4000000953674316,
            1.2000000476837158,
            0.7689999938011169
        ],
        "gravity": [
            0.0,
            -0.009999999776482582,
            0.0
        ],
        "jump": [
            0.0,
            0.4000000059604645,
            0.0
        ],
        "speed": 0.20000000298023224
    }
}
