{
    "SoundVolume": {
        "BlockBGM": 1.399999976158142,
        "DeathBGM": 0.0,
        "DeleteEnemyBGM": 0.0,
        "IngameBGM": 0.800000011920929,
        "JumpBGM": 0.6000000238418579,
        "ResultBGM": 0.0,
        "ReverceBGM": 0.0,
        "startBGM": 0.0
    }
}
