{
    "SoundVolume": {
        "Block": 3.0999999046325684,
        "Death": 2.700000047683716,
        "DeleteEnemy": 5.0,
        "Ingame": 5.599999904632568,
        "Jump": 3.5,
        "Result": 3.9000000953674316,
        "Reverce": 3.0,
        "start": 1.2999999523162842
    }
}
