{
    "SoundVolume": {
        "BlockBGM": 1.399999976158142,
        "BoundBGM": 1.7000000476837158,
        "ClearBGM": 2.0,
        "DeathBGM": 3.0,
        "DeleteEnemyBGM": 2.5999999046325684,
        "EnemyPopBGM": 2.799999952316284,
        "IngameBGM": 0.30000001192092896,
        "JumpBGM": 0.6000000238418579,
        "ResultBGM": 2.0999999046325684,
        "ReverceBGM": 1.899999976158142,
        "plusWaveBGM": 1.600000023841858,
        "startBGM": 1.899999976158142
    }
}
