{
    "Title": {
        "TitleScale": [
            0.5,
            0.5,
            0.5
        ],
        "TitleTransform": [
            640.0,
            170.0,
            0.0
        ],
        "linePosition": [
            0.0,
            25.0,
            0.0
        ],
        "lineScale": [
            107.19999694824219,
            1.0,
            1.0
        ],
        "startPosition": [
            0.0,
            23.299999237060547,
            0.0
        ],
        "startScale": [
            43.79999923706055,
            12.199999809265137,
            1.0
        ]
    }
}
