{
    "UI": {
        "jumpPosition": [
            500.0,
            650.0,
            0.0
        ],
        "jumpScale": [
            0.20000000298023224,
            0.20000000298023224,
            0.0
        ],
        "movePosition": [
            170.0,
            650.0,
            0.0
        ],
        "moveScale": [
            0.20000000298023224,
            0.20000000298023224,
            0.0
        ],
        "reversePosition": [
            850.0,
            650.0,
            0.0
        ],
        "reverseScale": [
            0.20000000298023224,
            0.20000000298023224,
            0.0
        ]
    }
}
